{
    "memory_size": 5000,
    "batch_size": 64,
    "epsilon_start": 0.9883762201495802,
    "epsilon_min": 0.06282633172529997,
    "epsilon_decay": 2000,
    "tau": 0.005050085770284254,
    "gamma": 0.9753910914367291,
    "learning_rate": 0.00012688342126564945
}