{
    "memory_size": 5000,
    "batch_size": 256,
    "epsilon_start": 0.9547764258638659,
    "epsilon_min": 0.030782747461299144,
    "epsilon_decay": 2000,
    "tau": 0.0038257988709783424,
    "gamma": 0.9728274544297701,
    "learning_rate": 0.00017850475881509242
}