{
    "memory_size": 5000,
    "batch_size": 128,
    "epsilon_start": 0.9437861237137932,
    "epsilon_min": 0.03676110914269,
    "epsilon_decay": 1000,
    "tau": 0.009865784948200243,
    "gamma": 0.9878843926776948,
    "learning_rate": 0.00024778389605950845
}